se_mantiene,duplicadas_desactivadas
A-001,B-017
A-002,B-073
A-003,B-029
A-004,B-045
A-006,B-060
A-007,B-039
A-011,B-037
A-012,B-077
A-013,B-050
A-015,B-064
A-016,B-048
A-017,B-062
A-018,B-028
A-019,B-076
A-020,B-018
A-021,B-010
A-022,B-058
A-024,B-026
A-025,B-061
A-027,B-035
A-028,B-030
A-029,B-042
A-030,B-074
A-031,B-040
A-032,B-011
A-033,B-057
A-034,B-075
A-035,B-054
A-036,B-023
A-037,B-049
A-038,B-053
A-039,B-055
A-040,B-056
A-041,B-059
A-042,B-063
A-043,B-032
A-044,B-066
A-045,B-067
A-046,B-068
A-047,B-069
A-048,B-070
A-049,B-071
A-050,B-072
A-051,C-E-056
A-052,B-034
A-053,B-031
A-055,B-020
A-059,B-019
A-061,C-E-025
A-062,B-038
A-063,B-022
A-064,B-001
A-065,B-015
A-066,B-013
A-067,B-006
A-068,B-012
A-069,B-044
A-070,B-043
A-071,B-024
A-072,B-009 C-E-031
A-076,B-007
A-077,B-005
A-078,B-027
A-079,B-004
A-080,B-046 C-E-023
A-081,B-052
A-082,B-047 C-E-013
A-083,B-051
A-088,B-016
A-089,B-065
A-090,B-002
A-091,B-041
A-092,B-003
A-097,B-008
A-098,B-021
A-099,B-033
A-100,B-014
A-101,B-036
C-023,C-E-009
C-025,C-E-050
C-112,C-E-017
